,ticker,num_comments,comment_sentiment_average,latest_comment_date,score,upvote_ratio,date,domain,num_crossposts,author,timestamp,commentdate
16,BB,416,0.12264150943396226,1611849838.0,5582,0.94,1611780322.0,self.wallstreetbets,1,HITNUKES,2021-01-27 20:45:22,2021-01-28 16:03:58
21,BB,395,0.02,1611973631.0,2765,0.98,1611866486.0,self.wallstreetbets,0,RssnGopnik,2021-01-28 20:41:26,2021-01-30 02:27:11
22,BB,295,0.21951219512195122,1612072238.0,4686,0.92,1611775484.0,self.wallstreetbets,1,PhantomOwnage,2021-01-27 19:24:44,2021-01-31 05:50:38
24,BB,478,0.15789473684210525,1612158595.0,1265,0.8,1612068384.0,self.wallstreetbets,0,hardwaresofton,2021-01-31 04:46:24,2021-02-01 05:49:55
20,BB,314,0.37575757575757573,1612205303.0,3668,0.97,1612117013.0,self.wallstreetbets,0,BrandinoGames,2021-01-31 18:16:53,2021-02-01 18:48:23
23,BB,307,-0.06521739130434782,1612899214.0,1332,0.78,1612847177.0,self.wallstreetbets,0,RaiseYourLenny,2021-02-09 05:06:17,2021-02-09 19:33:34
15,BB,370,0.3614457831325301,1612964318.0,2336,0.93,1612880986.0,self.wallstreetbets,1,mattxmortigan,2021-02-09 14:29:46,2021-02-10 13:38:38
25,BB,298,0.2564102564102564,1613120969.0,1081,0.96,1613061864.0,self.wallstreetbets,1,louis_lafaille,2021-02-11 16:44:24,2021-02-12 09:09:29
27,BB,169,0.4857142857142857,1614250914.0,772,0.91,1614181606.0,self.wallstreetbets,0,Known-Pop-1964,2021-02-24 15:46:46,2021-02-25 11:01:54
26,BB,162,0.3269230769230769,1614613710.0,695,0.94,1614538864.0,self.wallstreetbets,0,Night_Runner,2021-02-28 19:01:04,2021-03-01 15:48:30
28,BB,312,0.3275862068965517,1614897689.0,1800,0.9,1612163607.0,self.wallstreetbets,0,UnRatedGamer,2021-02-01 07:13:27,2021-03-04 22:41:29
18,BB,325,0.5420560747663551,1614990888.0,2691,0.96,1612640609.0,self.wallstreetbets,2,whatisgf,2021-02-06 19:43:29,2021-03-06 00:34:48
11,BB,271,0.28125,1616651153.0,1306,0.9,1615999599.0,self.wallstreetbets,5,bosshax,2021-03-17 16:46:39,2021-03-25 05:45:53
17,BB,84,0.3181818181818182,1617078364.0,244,0.9,1617027372.0,self.wallstreetbets,0,Rolltide-tolietpaper,2021-03-29 14:16:12,2021-03-30 04:26:04
13,BB,110,0.25,1617152960.0,350,0.92,1616865044.0,self.wallstreetbets,1,Virtual-Pin1025,2021-03-27 17:10:44,2021-03-31 01:09:20
14,BB,84,0.43478260869565216,1617346893.0,299,0.85,1617264285.0,self.wallstreetbets,0,Character-Cup-2263,2021-04-01 08:04:45,2021-04-02 07:01:33
10,BB,151,0.05454545454545454,1617643807.0,781,0.85,1617514229.0,self.wallstreetbets,1,Character-Cup-2263,2021-04-04 05:30:29,2021-04-05 17:30:07
19,BB,86,0.125,1617699314.0,178,0.85,1617147065.0,self.wallstreetbets,0,CaptainTough,2021-03-30 23:31:05,2021-04-06 08:55:14
8,BB,161,0.2647058823529412,1619410825.0,849,0.83,1618978549.0,self.wallstreetbets,0,Crispus_Attukus,2021-04-21 04:15:49,2021-04-26 04:20:25
7,BB,326,0.35537190082644626,1619632345.0,2221,0.94,1617735365.0,self.wallstreetbets,5,Rivaaal,2021-04-06 18:56:05,2021-04-28 17:52:25
12,BB,52,0.3181818181818182,1620324165.0,63,0.86,1620239506.0,self.wallstreetbets,0,liketobrowse,2021-05-05 18:31:46,2021-05-06 18:02:45
9,BB,46,0.29411764705882354,1621960072.0,220,0.94,1620955474.0,self.wallstreetbets,0,ModernBuddha1,2021-05-14 01:24:34,2021-05-25 16:27:52
63,AMC,78,0.35294117647058826,1621993660.0,276,0.85,1621776679.0,self.wallstreetbets,0,nobjos,2021-05-23 13:31:19,2021-05-26 01:47:40
60,AMC,82,0.32142857142857145,1621997328.0,262,0.88,1621928732.0,self.wallstreetbets,0,JayJayAksi,2021-05-25 07:45:32,2021-05-26 02:48:48
51,AMC,274,0.2,1621998244.0,176,0.65,1621851821.0,self.wallstreetbets,1,jorlev,2021-05-24 10:23:41,2021-05-26 03:04:04
29,GME,340,0.13636363636363635,1622075400.0,3814,0.96,1621973953.0,self.wallstreetbets,1,mightyduck19,2021-05-25 20:19:13,2021-05-27 00:30:00
44,AMC,46,0.13333333333333333,1622144930.0,118,0.87,1622077208.0,self.wallstreetbets,0,EducatingInvestors,2021-05-27 01:00:08,2021-05-27 19:48:50
61,AMC,106,0.1016949152542373,1622151892.0,63,0.64,1621476499.0,self.wallstreetbets,0,Ok_Prior4251,2021-05-20 02:08:19,2021-05-27 21:44:52
57,AMC,8,0.2,1622153609.0,12,0.69,1622147696.0,self.wallstreetbets,0,hardyrekshin,2021-05-27 20:34:56,2021-05-27 22:13:29
56,AMC,202,0.19230769230769232,1622163734.0,2376,0.96,1622050301.0,self.wallstreetbets,2,roman_axt,2021-05-26 17:31:41,2021-05-28 01:02:14
30,GME,202,0.19230769230769232,1622163734.0,2377,0.96,1622050301.0,self.wallstreetbets,2,roman_axt,2021-05-26 17:31:41,2021-05-28 01:02:14
62,AMC,142,0.0392156862745098,1622163946.0,682,0.8,1621357881.0,self.wallstreetbets,0,tickerwizards,2021-05-18 17:11:21,2021-05-28 01:05:46
40,AMC,16,0.1111111111111111,1622174551.0,69,0.91,1622146454.0,self.wallstreetbets,0,MomolanZozolan,2021-05-27 20:14:14,2021-05-28 04:02:31
36,AMC,72,0.13333333333333333,1622221776.0,63,0.82,1622177141.0,self.wallstreetbets,0,KapMe95,2021-05-28 04:45:41,2021-05-28 17:09:36
42,AMC,66,0.14285714285714285,1622231622.0,36,0.74,1622148098.0,self.wallstreetbets,0,Caludo,2021-05-27 20:41:38,2021-05-28 19:53:42
59,AMC,15,-0.42857142857142855,1622250596.0,3,0.54,1622120856.0,self.wallstreetbets,0,stanleebobyolo,2021-05-27 13:07:36,2021-05-29 01:09:56
50,AMC,216,-0.06382978723404255,1622285173.0,0,0.18,1621985520.0,self.wallstreetbets,0,AverageSecretSlut,2021-05-25 23:32:00,2021-05-29 10:46:13
39,AMC,54,0.20689655172413793,1622294099.0,0,0.34,1622236359.0,self.wallstreetbets,0,Pdragonshanker,2021-05-28 21:12:39,2021-05-29 13:14:59
3,BB,184,0.2261904761904762,1622327023.0,700,0.9,1621974585.0,self.wallstreetbets,0,Virtual-Pin1025,2021-05-25 20:29:45,2021-05-29 22:23:43
52,AMC,15,0.25,1622381217.0,51,0.95,1622286639.0,self.wallstreetbets,0,bigbear0083,2021-05-29 11:10:39,2021-05-30 13:26:57
54,AMC,233,0.30985915492957744,1622381424.0,166,0.87,1622236432.0,self.wallstreetbets,0,youblindgod,2021-05-28 21:13:52,2021-05-30 13:30:24
37,AMC,55,0.45,1622417639.0,102,0.86,1622168628.0,self.wallstreetbets,0,MasterpieceIll7532,2021-05-28 02:23:48,2021-05-30 23:33:59
6,BB,72,0.1935483870967742,1622439739.0,281,0.93,1622137324.0,self.wallstreetbets,0,josh_moworld,2021-05-27 17:42:04,2021-05-31 05:42:19
0,BB,375,0.2185430463576159,1622504158.0,1225,0.89,1622357755.0,self.wallstreetbets,0,Philbertan,2021-05-30 06:55:55,2021-05-31 23:35:58
48,AMC,269,0.2727272727272727,1622521886.0,1072,0.96,1622332196.0,self.wallstreetbets,0,vl-chris,2021-05-29 23:49:56,2021-06-01 04:31:26
46,AMC,135,0.12903225806451613,1622554869.0,72,0.65,1622426048.0,self.wallstreetbets,2,idster,2021-05-31 01:54:08,2021-06-01 13:41:09
47,AMC,127,0.41818181818181815,1622562607.0,513,0.91,1622384457.0,self.wallstreetbets,0,nobjos,2021-05-30 14:20:57,2021-06-01 15:50:07
53,AMC,53,0.041666666666666664,1622566855.0,0,0.45,1622337284.0,self.wallstreetbets,0,Cold-Permission-5249,2021-05-30 01:14:44,2021-06-01 17:00:55
58,AMC,215,0.5384615384615384,1622575908.0,514,0.87,1622057642.0,self.wallstreetbets,1,braincravin,2021-05-26 19:34:02,2021-06-01 19:31:48
49,AMC,98,0.37037037037037035,1622578449.0,383,0.91,1622333570.0,self.wallstreetbets,1,opalsAndStones,2021-05-30 00:12:50,2021-06-01 20:14:09
2,BB,243,0.168,1622589291.0,1177,0.79,1622060630.0,self.wallstreetbets,1,WallStreetRetardd,2021-05-26 20:23:50,2021-06-01 23:14:51
55,AMC,91,0.24324324324324326,1622591886.0,328,0.91,1622171557.0,self.wallstreetbets,0,sublette313,2021-05-28 03:12:37,2021-06-01 23:58:06
1,BB,296,0.35,1622593494.0,1043,0.89,1622486365.0,self.wallstreetbets,0,tickerwizards,2021-05-31 18:39:25,2021-06-02 00:24:54
45,AMC,149,0.10714285714285714,1622594480.0,95,0.74,1622428846.0,self.wallstreetbets,0,XxWiReDxX,2021-05-31 02:40:46,2021-06-02 00:41:20
35,AMC,317,0.21621621621621623,1622615856.0,833,0.89,1622568489.0,self.wallstreetbets,1,illachrymable,2021-06-01 17:28:09,2021-06-02 06:37:36
41,AMC,78,-0.21052631578947367,1622617079.0,81,0.76,1622563609.0,self.wallstreetbets,0,EcsitStrategy,2021-06-01 16:06:49,2021-06-02 06:57:59
43,AMC,43,0.05,1622618320.0,39,0.73,1622544112.0,self.wallstreetbets,0,Naughty_Funkle_1992,2021-06-01 10:41:52,2021-06-02 07:18:40
4,BB,108,0.1836734693877551,1622620044.0,450,0.84,1622590563.0,self.wallstreetbets,0,Kranthikari007,2021-06-01 23:36:03,2021-06-02 07:47:24
33,AMC,157,-0.17307692307692307,1622621076.0,773,0.9,1622577743.0,self.wallstreetbets,1,Defiant_Chemistry966,2021-06-01 20:02:23,2021-06-02 08:04:36
38,AMC,13,0.2,1622624086.0,9,0.7,1622623216.0,self.wallstreetbets,0,ultrab1ue,2021-06-02 08:40:16,2021-06-02 08:54:46
5,BB,159,0.02,1622624867.0,149,0.72,1622580711.0,self.wallstreetbets,0,No-Strain-5891,2021-06-01 20:51:51,2021-06-02 09:07:47
34,AMC,159,0.02,1622624867.0,149,0.72,1622580711.0,self.wallstreetbets,0,No-Strain-5891,2021-06-01 20:51:51,2021-06-02 09:07:47
32,AMC,109,0.18,1622626421.0,456,0.84,1622590563.0,self.wallstreetbets,0,Kranthikari007,2021-06-01 23:36:03,2021-06-02 09:33:41
31,AMC,480,0.22580645161290322,1622626455.0,2091,0.84,1622597744.0,self.wallstreetbets,3,ethanplee,2021-06-02 01:35:44,2021-06-02 09:34:15
